<?xml version="1.0" encoding="UTF-8"?>
<project-private xmlns="http://www.netbeans.org/ns/project-private/1">
    <editor-bookmarks xmlns="http://www.netbeans.org/ns/editor-bookmarks/2" lastBookmarkId="0"/>
    <open-files xmlns="http://www.netbeans.org/ns/projectui-open-files/2">
        <group>
            <file>file:/C:/xampp/htdocs/davaocikrvi/src/AppBundle/Form/front/RequestType.php</file>
            <file>file:/C:/xampp/htdocs/davaocikrvi/src/AppBundle/Resources/views/front/request/request.html.twig</file>
            <file>file:/C:/xampp/htdocs/davaocikrvi/src/AppBundle/Controller/Front/RequestController.php</file>
            <file>file:/C:/xampp/htdocs/davaocikrvi/src/AppBundle/Resources/config/routing/front/routing.yml</file>
        </group>
    </open-files>
</project-private>
